Model,CPU_cas_s,GPU_cas_s,Zrychlenie
MLP2,30.627994,28.058082,1.0915925757149
CNN3,351.641704,64.100188,5.48581392616196
Priemer,191.134849,46.079135,4.14796955281387
