Pristup,Pocet_modelov,Priemer_test_acc_pct,Priemer_test_loss
MLP,2,97.801,0.0746687367558479
CNN,3,99.0633333333333,0.031175851325194
